First name,Surname,ID number,Email address,Quiz: Final Exam (Real),Final
Yamman,Abuhelaleh,20231103102,Y.Abuhelaleh@gju.edu.jo,17,18
Hatem,Abumuhfouz,20241103089,H.Abumuhfouz@gju.edu.jo,27.5,28.5
Hamza,Alaqabi,20221103052,H.Alaqabi@gju.edu.jo,17.5,18.5
Ghazal,Alfayez,20219103147,G.Alfayez@gju.edu.jo,20,21
Leen,Alfityani,20231103036,L.Alfityani@gju.edu.jo,33.5,34.5
Yousef,Alhalboni,20229103079,Y.Alhalboni@gju.edu.jo,26.5,27.5
Tala,Aljaloudi,20211103123,T.Aljaloudi@gju.edu.jo,11,12
Abdullah,AlKhuzai,20229103150,A.AlKhuzai@gju.edu.jo,37,38
Ammar,AlMasodin,20211105020,A.AlMasodin@gju.edu.jo,25,26
Rozeen,Alqatarneh,20239103112,R.Alqatarneh1@gju.edu.jo,19.75,20.75
Ahmad,Alqudah,20229103012,A.Alqudah5@gju.edu.jo,13.25,14.25
Mira,AlRahahleh,20231103046,M.AlRahahleh@gju.edu.jo,30,31
Nataly,Bakri,20231103030,N.Bakri2@gju.edu.jo,22.5,23.5
Noor,Barghouth,20219103041,N.Barghouth@gju.edu.jo,21.5,22.5
Mohammad,Gharaibeh,20219103061,M.Gharaibeh2@gju.edu.jo,21.5,22.5
Rand,Haddad,20219103030,R.Haddad5@gju.edu.jo,38.5,39.5
Sanad,Haroun,20209103001,S.Haroun@gju.edu.jo,25.5,26.5
Shabib,Joudeh,20209103092,S.Joudeh2@gju.edu.jo,21.5,22.5
Ayoub,Lafi,20221105020,A.Lafi2@gju.edu.jo,19,20
Abdullah,Malahmeh,20219103015,A.Malahmeh@gju.edu.jo,28.5,29.5
Dina,Omar,20231103026,D.Omar1@gju.edu.jo,21.5,22.5
Aziza,Omran,20232103197,A.Omran1@gju.edu.jo,22.75,23.75
Abdallah,Othman,20239103038,A.Othman5@gju.edu.jo,22,23
Rami,Sahouri,20191103110,R.Sahouri@gju.edu.jo,12.5,13.5
Yazan,Salameh,20219103095,Y.Salameh@gju.edu.jo,23,24
AbdelRahman,Saleh,20219103040,A.Saleh9@gju.edu.jo,26,27
Obada,Sarairah,20221103140,O.Sarairah@gju.edu.jo,24,25
Anas,Sharawi,20219103072,A.Sharawi1@gju.edu.jo,23.5,24.5
Hamza,Tuffaha,20221103113,H.Tuffaha2@gju.edu.jo,32,33
