Name ,ID number,Email address,Course total 
Abdallah Shaheen,20231103148,A.Shaheen@gju.edu.jo,23.42
Abdallah Shana'ah,20231103104,A.Shanaah@gju.edu.jo,21.33
Abdelrahman Sader,20229103050,A.Sader@gju.edu.jo,19.22
AbdelRahman Shehadeh,20231103061,A.Shehadeh2@gju.edu.jo,21.42
Afnan Abdelhadi,20231103051,A.Abdelhadi3@gju.edu.jo,21.72
Ahmad Abdelqader,20221103087,A.Abdelqader2@gju.edu.jo,14.06
Ahmad Aldset,20239103016,A.Aldset@gju.edu.jo,24.82
Ahmad Alqudah,20229103012,A.Alqudah5@gju.edu.jo,14.86
Ahmad Oweineh,20242103133,A.Oweineh1@gju.edu.jo,22.37
Akram Aldokh,20221103032,A.Aldokh@gju.edu.jo,8.01
Aleen AlAli,20239103015,A.AlAli5@gju.edu.jo,23.41
Amr AlSukhni,20231103172,A.AlSukhni1@gju.edu.jo,19.7
Anas Almu'atasim,20231103070,A.Almu'atasim@gju.edu.jo,19.8
Baraa Alshawabkeh,20231103163,B.Alshawabkeh3@gju.edu.jo,18.88
Bashar Alnaimat,20211103038,B.Alnaimat@gju.edu.jo,15.89
Boulos Ajalat,20201103139,B.Ajalat@gju.edu.jo,6.03
Celen Tahat,20239103039,C.Tahat@gju.edu.jo,21.89
Dana Shweikeh,20231103087,D.Shweikeh@gju.edu.jo,20.54
Dina Omar,20231103026,D.Omar1@gju.edu.jo,20.8
Elias Shahin,20229103022,E.Shahin@gju.edu.jo,12.59
Faisal AbuTaleb,20239103164,F.AbuTaleb1@gju.edu.jo,19.22
Farah AbuDayeh,20231103074,F.AbuDayeh@gju.edu.jo,22.91
Farah AlWirr,20231103188,F.AlWirr@gju.edu.jo,20.33
Faris Alkharabsheh,20231103169,F.Alkharabsheh1@gju.edu.jo,20.37
Faris Saleh,20199103099,F.Saleh1@gju.edu.jo,0
Fayez AlBeitar,20239103027,F.AlBeitar@gju.edu.jo,24.07
Hamza Aljarrah,20231103031,H.Aljarrah1@gju.edu.jo,20.02
Hamza Nassar,20229103055,H.Nassar3@gju.edu.jo,17.45
Hamzeh Abuzeitoon,20231103193,H.Abuzeitoon2@gju.edu.jo,16.59
Hani AbuElzeinat,20231103131,H.AbuElzeinat@gju.edu.jo,21.87
Hazem Alsalhi,20231103043,H.Alsalhi1@gju.edu.jo,20.67
Hussein Alsakkaf,20232103028,H.Alsakkaf@gju.edu.jo,9.87
Jad Alhiyasat,20231103057,J.Alhiyasat@gju.edu.jo,20.87
Kareem Alnaji,20239103174,K.Alnaji@gju.edu.jo,22.7
Khaled Albalasi,20221103094,K.Albalasi@gju.edu.jo,10.91
Khaled Alsaaideh,20231103058,K.Alsaaideh@gju.edu.jo,22.33
Khaled Habbanakah,20239103064,K.Habbanakah@gju.edu.jo,20.94
Khaled Haroun,20239103157,K.Haroun@gju.edu.jo,17.07
Khaled Kussad,20239103007,K.Kussad@gju.edu.jo,21.24
Leen Alfityani,20231103036,L.Alfityani@gju.edu.jo,18.63
Majd Olayan,20239103101,M.Olayan@gju.edu.jo,21.94
Maysam Aljabali,20241103199,M.Aljabali1@gju.edu.jo,17.74
Mohammad Aljaber,20221103101,M.Aljaber1@gju.edu.jo,18.7
Mohammad Ghanaiem,20241103187,M.Ghanaiem@gju.edu.jo,15.02
Mohammad Nazzal,20231103077,M.Nazzal1@gju.edu.jo,16.27
Mousa Karadsheh,20221103149,M.Karadsheh3@gju.edu.jo,7.48
Omar AlJaradat,20239103025,O.AlJaradat@gju.edu.jo,22.35
Omar Sabouba,20239103160,O.Sabouba@gju.edu.jo,18.77
Orjwan Fukaha,20239103190,O.Fukaha@gju.edu.jo,20.69
Radwan Almaani,20229103145,R.Almaani1@gju.edu.jo,3.95
Rama AbuHammour,20231103149,R.AbuHammour@gju.edu.jo,24.14
Ramzi Alresheq,20241103185,R.Alresheq@gju.edu.jo,19
Rand Helal,20231103020,R.Helal@gju.edu.jo,24.07
Rand Qasem,20231103005,R.Qasem@gju.edu.jo,20.09
Raya AlShumailan,20239103123,R.AlShumailan@gju.edu.jo,22.42
Rozeen Alqatarneh,20239103112,R.Alqatarneh1@gju.edu.jo,21.36
Sari Hijazeen,20231103129,S.Hijazeen@gju.edu.jo,13.82
Tala Habahbeh,20239103109,T.Habahbeh@gju.edu.jo,20.52
Tala Zraiqat,20239103053,T.Zraiqat@gju.edu.jo,20.36
Yahia Alrawashdeh,20231103065,Y.Alrawashdeh@gju.edu.jo,22.11
Yahya Tahboub,20229103081,Y.Tahboub@gju.edu.jo,11.13
Yousef Hammad,20231103100,Y.Hammad1@gju.edu.jo,16.55
Zaid Majali,20239103081,Z.Majali@gju.edu.jo,22.07
